<content xml:space="preserve">

  <!-- note text -->
  <item id="notDocumentedText">This API is not documented.</item>
  <item id="preliminaryText">This API is preliminary and subject to change.</item>
  
	<!-- topic titles -->
    <item id="rootTopicTitle">Namespaces</item>
    <item id="namespacesTopicTitle">Namespaces</item>
	<item id="namespaceTopicTitle">{0} Namespace</item>
	<item id="classTopicTitle">{0} Class</item>
	<item id="structureTopicTitle">{0} Structure</item>
	<item id="interfaceTopicTitle">{0} Interface</item>
	<item id="delegateTopicTitle">{0} Delegate</item>
	<item id="enumerationTopicTitle">{0} Enumeration</item>
	<item id="fieldTopicTitle">{0} Field</item>
	<item id="methodTopicTitle">{0}{1}</item>
	<item id="constructorTopicTitle">{0} Constructor {1}</item>
	<item id="propertyTopicTitle">{0} Property {1}</item>
	<item id="eventTopicTitle">{0} Event</item>
	<item id="operatorTopicTitle">{0} Operator</item>
	<item id="attachedPropertyTopicTitle">{0} Attached Property</item>
	<item id="attachedEventTopicTitle">{0} Attached Event</item>

	<!-- index entries -->
	<item id="rootIndexEntry">namespaces</item>
	<item id="namespaceIndexEntry">{0} namespace</item>
	<item id="classIndexEntry">{0} class</item>
	<item id="structureIndexEntry">{0} structure</item>
	<item id="interfaceIndexEntry">{0} interface</item>
	<item id="delegateIndexEntry">{0} delegate</item>
	<item id="enumerationIndexEntry">{0} enumeration</item>
	<item id="fieldIndexEntry">{0} field</item>
	<item id="methodIndexEntry">{0} method</item>
	<item id="constructorIndexEntry">{0} constructor</item>
	<item id="propertyIndexEntry">{0} property</item>
	<item id="eventIndexEntry">{0} event</item>
	<item id="operatorIndexEntry">{0} operator</item>
	<item id="attachedPropertyIndexEntry">{0} attached property</item>
	<item id="attachedEventIndexEntry">{0} attached event</item>

	<!-- main window stuff -->

	<!-- body -->

	<!-- section titles -->
	<item id="syntaxTitle">Syntax</item>
	<item id="usyntaxTitle">Usage Syntax</item>
	<item id="templatesTitle">Generic Template Parameters</item>
	<item id="parametersTitle">Parameters</item>
	<item id="valueTitle">Value</item>
	<item id="delegateValueTitle">Return Value</item>
	<item id="methodValueTitle">Return Value</item>
	<item id="propertyValueTitle">Value</item>
	<item id="fieldValueTitle">Value</item>
	<item id="remarksTitle">Remarks</item>
	<item id="examplesTitle">Examples</item>
	<item id="threadSafetyTitle">Thread Safety</item>
	<item id="notesForImplementersTitle">Notes For Implementers: </item>
	<item id="NotesForCallers">Notes to Callers: </item>
	<item id="notesForInheritersTitle">Notes For Inheriters: </item>
	<item id="exceptionsTitle">Exceptions</item>
	<item id="permissionsTitle">Permissions</item>
	<item id="namespacesTitle">Namespaces</item>
	<item id="typesTitle">Classes</item>
	<item id="membersTitle">Functions</item>
	<item id="familyTitle">Inheritance Hierarchy</item>
	<item id="implementorsTitle">Implementing Types</item>
	<item id="versionsTitle">Version Information</item>
	<item id="relatedTitle">See Also</item>

	<!-- table headers -->
	<item id="namespaceNameHeader">Namespace</item>
	<item id="namespaceDescriptionHeader">Description</item>
	<item id="typeIconHeader">Icon</item>
	<item id="typeNameHeader">Class</item>
	<item id="typeDescriptionHeader">Description</item>
	<item id="memberIconHeader">Icon</item>
	<item id="memberNameHeader">Function</item>
	<item id="memberDescriptionHeader">Description</item>
	<item id="exceptionNameHeader">Exception</item>
	<item id="exceptionConditionHeader">Condition</item>
	<item id="permissionNameHeader">Permission</item>
	<item id="permissionDescriptionHeader">Description</item>

	<!-- filter control text -->
	<item id="allTypesFilterLabel">All Types</item>
	<item id="classTypesFilterLabel">Classes</item>
	<item id="structureTypesFilterLabel">Structures</item>
	<item id="interfaceTypesFilterLabel">Interfaces</item>
	<item id="delegateTypesFilterLabel">Delegates</item>
	<item id="enumerationTypesFilterLabel">Enumerations</item>
	<item id="allMembersFilterLabel">All Members</item>
	<item id="constructorMembersFilterLabel">Constructors</item>
	<item id="methodMembersFilterLabel">Methods</item>
	<item id="propertyMembersFilterLabel">Properties</item>
	<item id="fieldMembersFilterLabel">Fields</item>
	<item id="eventMembersFilterLabel">Events</item>
	<item id="publicMembersFilterLabel">Public</item>
	<item id="protectedMembersFilterLabel">Protected</item>
	<item id="instanceMembersFilterLabel">Instance</item>
	<item id="staticMembersFilterLabel">Static</item>
	<item id="declaredMembersFilterLabel">Declared</item>
	<item id="inheritedMembersFilterLabel">Inherited</item>
	
	<!-- inserted boilerplate -->
	<item id="productTitle">Reference Library</item>
	<item id="rootLink"><referenceLink target="R:Project">Namespaces</referenceLink></item>
	<item id="obsoleteShort"><span class="obsolete">Obsolete.</span></item>
	<item id="obsoleteLong"><span class="obsolete">This API is obsolete.</span></item>
	<item id="nonobsoleteAlternative">A non-obsolete alternative is {0}.</item>
	<item id="inheritedFrom">(Inherited from {0}.)</item>
	<item id="overridesMember">(Overrides {0}.)</item>
	<item id="locationInformation">Assembly: {0} (Module: {1})</item>
	 <item id="hostProtectionAttributeShort">HostProtectionAttribute.</item>
	<item id="hostProtectionAttributeLong">This API is protected by HostProtectionAttribute.</item>
  
  <!-- thread safety boilerplate -->
  <item id="staticThreadSafe">Static members of this type are safe for multi-threaded operations. </item>
  <item id="staticNotThreadSafe">Static members of this type are not safe for multi-threaded operations. </item>
  <item id="instanceThreadSafe">Instance members of this type are safe for multi-threaded operations. </item>
  <item id="instanceNotThreadSafe">Instance members of this type are not safe for multi-threaded operations. </item>

	<!-- alt text for images -->
	<item id="publicClassAltText">public class</item>
	<item id="publicStructureAltText">public structure</item>
	<item id="publicInterfaceAltText">public interface</item>
	<item id="publicDelegateAltText">public delegate</item>
	<item id="publicEnumerationAltText">public enumeration</item>
	<item id="publicConstructorAltText">public constructor</item>
	<item id="publicMethodAltText">public method</item>
	<item id="publicFieldAltText">public field</item>
	<item id="publicPropertyAltText">public property</item>
	<item id="publicEventAltText">public event</item>
	<item id="protectedConstructorAltText">protected constructor</item>
	<item id="protectedMethodAltText">protected method</item>
	<item id="protectedFieldAltText">protected field</item>
	<item id="protectedPropertyAltText">protected property</item>
	<item id="protectedEventAltText">protected event</item>
	<item id="staticAltText">static member</item>
  

</content>
